,한글글자,Count
0,겟,모든 글자: 102개
,한글글자,Count
0,겟,모든 글자: 102개
1,겠,모든 글자: 225개
,한글글자,Count
0,겟,모든 글자: 102개
1,겠,모든 글자: 225개
2,겡,모든 글자: 281개
,한글글자,Count
0,겟,모든 글자: 102개
1,겠,모든 글자: 225개
2,겡,모든 글자: 281개
3,겨,모든 글자: 806개
,한글글자,Count
0,겟,모든 글자: 102개
1,겠,모든 글자: 225개
2,겡,모든 글자: 281개
3,겨,모든 글자: 806개
4,격,"모든 글자: 5,609개"
,한글글자,Count
0,겟,모든 글자: 102개
1,겠,모든 글자: 225개
2,겡,모든 글자: 281개
3,겨,모든 글자: 806개
4,격,"모든 글자: 5,609개"
5,겪,모든 글자: 18개
,한글글자,Count
0,겟,모든 글자: 102개
1,겠,모든 글자: 225개
2,겡,모든 글자: 281개
3,겨,모든 글자: 806개
4,격,"모든 글자: 5,609개"
5,겪,모든 글자: 18개
6,견,"모든 글자: 2,005개"
,한글글자,Count
0,겟,모든 글자: 102개
1,겠,모든 글자: 225개
2,겡,모든 글자: 281개
3,겨,모든 글자: 806개
4,격,"모든 글자: 5,609개"
5,겪,모든 글자: 18개
6,견,"모든 글자: 2,005개"
7,겯,모든 글자: 18개
,한글글자,Count
0,겟,모든 글자: 102개
1,겠,모든 글자: 225개
2,겡,모든 글자: 281개
3,겨,모든 글자: 806개
4,격,"모든 글자: 5,609개"
5,겪,모든 글자: 18개
6,견,"모든 글자: 2,005개"
7,겯,모든 글자: 18개
8,결,"모든 글자: 7,321개"
,한글글자,Count
0,겟,모든 글자: 102개
1,겠,모든 글자: 225개
2,겡,모든 글자: 281개
3,겨,모든 글자: 806개
4,격,"모든 글자: 5,609개"
5,겪,모든 글자: 18개
6,견,"모든 글자: 2,005개"
7,겯,모든 글자: 18개
8,결,"모든 글자: 7,321개"
9,겸,모든 글자: 481개
,한글글자,Count
0,겟,모든 글자: 102개
1,겠,모든 글자: 225개
2,겡,모든 글자: 281개
3,겨,모든 글자: 806개
4,격,"모든 글자: 5,609개"
5,겪,모든 글자: 18개
6,견,"모든 글자: 2,005개"
7,겯,모든 글자: 18개
8,결,"모든 글자: 7,321개"
9,겸,모든 글자: 481개
10,겹,모든 글자: 653개
,한글글자,Count
0,겟,모든 글자: 102개
1,겠,모든 글자: 225개
2,겡,모든 글자: 281개
3,겨,모든 글자: 806개
4,격,"모든 글자: 5,609개"
5,겪,모든 글자: 18개
6,견,"모든 글자: 2,005개"
7,겯,모든 글자: 18개
8,결,"모든 글자: 7,321개"
9,겸,모든 글자: 481개
10,겹,모든 글자: 653개
11,겻,모든 글자: 32개
,한글글자,Count
0,겟,모든 글자: 102개
1,겠,모든 글자: 225개
2,겡,모든 글자: 281개
3,겨,모든 글자: 806개
4,격,"모든 글자: 5,609개"
5,겪,모든 글자: 18개
6,견,"모든 글자: 2,005개"
7,겯,모든 글자: 18개
8,결,"모든 글자: 7,321개"
9,겸,모든 글자: 481개
10,겹,모든 글자: 653개
11,겻,모든 글자: 32개
12,겼,모든 글자: 0개
,한글글자,Count
0,겟,모든 글자: 102개
1,겠,모든 글자: 225개
2,겡,모든 글자: 281개
3,겨,모든 글자: 806개
4,격,"모든 글자: 5,609개"
5,겪,모든 글자: 18개
6,견,"모든 글자: 2,005개"
7,겯,모든 글자: 18개
8,결,"모든 글자: 7,321개"
9,겸,모든 글자: 481개
10,겹,모든 글자: 653개
11,겻,모든 글자: 32개
12,겼,모든 글자: 0개
13,경,"모든 글자: 16,385개"
,한글글자,Count
0,겟,모든 글자: 102개
1,겠,모든 글자: 225개
2,겡,모든 글자: 281개
3,겨,모든 글자: 806개
4,격,"모든 글자: 5,609개"
5,겪,모든 글자: 18개
6,견,"모든 글자: 2,005개"
7,겯,모든 글자: 18개
8,결,"모든 글자: 7,321개"
9,겸,모든 글자: 481개
10,겹,모든 글자: 653개
11,겻,모든 글자: 32개
12,겼,모든 글자: 0개
13,경,"모든 글자: 16,385개"
14,곁,모든 글자: 460개
,한글글자,Count
0,겟,모든 글자: 102개
1,겠,모든 글자: 225개
2,겡,모든 글자: 281개
3,겨,모든 글자: 806개
4,격,"모든 글자: 5,609개"
5,겪,모든 글자: 18개
6,견,"모든 글자: 2,005개"
7,겯,모든 글자: 18개
8,결,"모든 글자: 7,321개"
9,겸,모든 글자: 481개
10,겹,모든 글자: 653개
11,겻,모든 글자: 32개
12,겼,모든 글자: 0개
13,경,"모든 글자: 16,385개"
14,곁,모든 글자: 460개
15,계,"모든 글자: 20,510개"
,한글글자,Count
0,겟,모든 글자: 102개
1,겠,모든 글자: 225개
2,겡,모든 글자: 281개
3,겨,모든 글자: 806개
4,격,"모든 글자: 5,609개"
5,겪,모든 글자: 18개
6,견,"모든 글자: 2,005개"
7,겯,모든 글자: 18개
8,결,"모든 글자: 7,321개"
9,겸,모든 글자: 481개
10,겹,모든 글자: 653개
11,겻,모든 글자: 32개
12,겼,모든 글자: 0개
13,경,"모든 글자: 16,385개"
14,곁,모든 글자: 460개
15,계,"모든 글자: 20,510개"
16,곈,모든 글자: 0개
,한글글자,Count
0,겟,모든 글자: 102개
1,겠,모든 글자: 225개
2,겡,모든 글자: 281개
3,겨,모든 글자: 806개
4,격,"모든 글자: 5,609개"
5,겪,모든 글자: 18개
6,견,"모든 글자: 2,005개"
7,겯,모든 글자: 18개
8,결,"모든 글자: 7,321개"
9,겸,모든 글자: 481개
10,겹,모든 글자: 653개
11,겻,모든 글자: 32개
12,겼,모든 글자: 0개
13,경,"모든 글자: 16,385개"
14,곁,모든 글자: 460개
15,계,"모든 글자: 20,510개"
16,곈,모든 글자: 0개
17,곌,모든 글자: 0개
,한글글자,Count
0,겟,모든 글자: 102개
1,겠,모든 글자: 225개
2,겡,모든 글자: 281개
3,겨,모든 글자: 806개
4,격,"모든 글자: 5,609개"
5,겪,모든 글자: 18개
6,견,"모든 글자: 2,005개"
7,겯,모든 글자: 18개
8,결,"모든 글자: 7,321개"
9,겸,모든 글자: 481개
10,겹,모든 글자: 653개
11,겻,모든 글자: 32개
12,겼,모든 글자: 0개
13,경,"모든 글자: 16,385개"
14,곁,모든 글자: 460개
15,계,"모든 글자: 20,510개"
16,곈,모든 글자: 0개
17,곌,모든 글자: 0개
18,곕,모든 글자: 4개
,한글글자,Count
0,겟,모든 글자: 102개
1,겠,모든 글자: 225개
2,겡,모든 글자: 281개
3,겨,모든 글자: 806개
4,격,"모든 글자: 5,609개"
5,겪,모든 글자: 18개
6,견,"모든 글자: 2,005개"
7,겯,모든 글자: 18개
8,결,"모든 글자: 7,321개"
9,겸,모든 글자: 481개
10,겹,모든 글자: 653개
11,겻,모든 글자: 32개
12,겼,모든 글자: 0개
13,경,"모든 글자: 16,385개"
14,곁,모든 글자: 460개
15,계,"모든 글자: 20,510개"
16,곈,모든 글자: 0개
17,곌,모든 글자: 0개
18,곕,모든 글자: 4개
19,곗,모든 글자: 64개
,한글글자,Count
0,겟,모든 글자: 102개
1,겠,모든 글자: 225개
2,겡,모든 글자: 281개
3,겨,모든 글자: 806개
4,격,"모든 글자: 5,609개"
5,겪,모든 글자: 18개
6,견,"모든 글자: 2,005개"
7,겯,모든 글자: 18개
8,결,"모든 글자: 7,321개"
9,겸,모든 글자: 481개
10,겹,모든 글자: 653개
11,겻,모든 글자: 32개
12,겼,모든 글자: 0개
13,경,"모든 글자: 16,385개"
14,곁,모든 글자: 460개
15,계,"모든 글자: 20,510개"
16,곈,모든 글자: 0개
17,곌,모든 글자: 0개
18,곕,모든 글자: 4개
19,곗,모든 글자: 64개
20,고,"모든 글자: 24,261개"
,한글글자,Count
0,겟,모든 글자: 102개
1,겠,모든 글자: 225개
2,겡,모든 글자: 281개
3,겨,모든 글자: 806개
4,격,"모든 글자: 5,609개"
5,겪,모든 글자: 18개
6,견,"모든 글자: 2,005개"
7,겯,모든 글자: 18개
8,결,"모든 글자: 7,321개"
9,겸,모든 글자: 481개
10,겹,모든 글자: 653개
11,겻,모든 글자: 32개
12,겼,모든 글자: 0개
13,경,"모든 글자: 16,385개"
14,곁,모든 글자: 460개
15,계,"모든 글자: 20,510개"
16,곈,모든 글자: 0개
17,곌,모든 글자: 0개
18,곕,모든 글자: 4개
19,곗,모든 글자: 64개
20,고,"모든 글자: 24,261개"
21,곡,"모든 글자: 3,637개"
,한글글자,Count
0,겟,모든 글자: 102개
1,겠,모든 글자: 225개
2,겡,모든 글자: 281개
3,겨,모든 글자: 806개
4,격,"모든 글자: 5,609개"
5,겪,모든 글자: 18개
6,견,"모든 글자: 2,005개"
7,겯,모든 글자: 18개
8,결,"모든 글자: 7,321개"
9,겸,모든 글자: 481개
10,겹,모든 글자: 653개
11,겻,모든 글자: 32개
12,겼,모든 글자: 0개
13,경,"모든 글자: 16,385개"
14,곁,모든 글자: 460개
15,계,"모든 글자: 20,510개"
16,곈,모든 글자: 0개
17,곌,모든 글자: 0개
18,곕,모든 글자: 4개
19,곗,모든 글자: 64개
20,고,"모든 글자: 24,261개"
21,곡,"모든 글자: 3,637개"
22,곤,"모든 글자: 1,042개"
,한글글자,Count
0,겟,모든 글자: 102개
1,겠,모든 글자: 225개
2,겡,모든 글자: 281개
3,겨,모든 글자: 806개
4,격,"모든 글자: 5,609개"
5,겪,모든 글자: 18개
6,견,"모든 글자: 2,005개"
7,겯,모든 글자: 18개
8,결,"모든 글자: 7,321개"
9,겸,모든 글자: 481개
10,겹,모든 글자: 653개
11,겻,모든 글자: 32개
12,겼,모든 글자: 0개
13,경,"모든 글자: 16,385개"
14,곁,모든 글자: 460개
15,계,"모든 글자: 20,510개"
16,곈,모든 글자: 0개
17,곌,모든 글자: 0개
18,곕,모든 글자: 4개
19,곗,모든 글자: 64개
20,고,"모든 글자: 24,261개"
21,곡,"모든 글자: 3,637개"
22,곤,"모든 글자: 1,042개"
23,곧,모든 글자: 290개
,한글글자,Count
0,겟,모든 글자: 102개
1,겠,모든 글자: 225개
2,겡,모든 글자: 281개
3,겨,모든 글자: 806개
4,격,"모든 글자: 5,609개"
5,겪,모든 글자: 18개
6,견,"모든 글자: 2,005개"
7,겯,모든 글자: 18개
8,결,"모든 글자: 7,321개"
9,겸,모든 글자: 481개
10,겹,모든 글자: 653개
11,겻,모든 글자: 32개
12,겼,모든 글자: 0개
13,경,"모든 글자: 16,385개"
14,곁,모든 글자: 460개
15,계,"모든 글자: 20,510개"
16,곈,모든 글자: 0개
17,곌,모든 글자: 0개
18,곕,모든 글자: 4개
19,곗,모든 글자: 64개
20,고,"모든 글자: 24,261개"
21,곡,"모든 글자: 3,637개"
22,곤,"모든 글자: 1,042개"
23,곧,모든 글자: 290개
24,골,"모든 글자: 4,961개"
,한글글자,Count
0,겟,모든 글자: 102개
1,겠,모든 글자: 225개
2,겡,모든 글자: 281개
3,겨,모든 글자: 806개
4,격,"모든 글자: 5,609개"
5,겪,모든 글자: 18개
6,견,"모든 글자: 2,005개"
7,겯,모든 글자: 18개
8,결,"모든 글자: 7,321개"
9,겸,모든 글자: 481개
10,겹,모든 글자: 653개
11,겻,모든 글자: 32개
12,겼,모든 글자: 0개
13,경,"모든 글자: 16,385개"
14,곁,모든 글자: 460개
15,계,"모든 글자: 20,510개"
16,곈,모든 글자: 0개
17,곌,모든 글자: 0개
18,곕,모든 글자: 4개
19,곗,모든 글자: 64개
20,고,"모든 글자: 24,261개"
21,곡,"모든 글자: 3,637개"
22,곤,"모든 글자: 1,042개"
23,곧,모든 글자: 290개
24,골,"모든 글자: 4,961개"
25,곪,모든 글자: 19개
